event_id,timestamp,user,host,command_line,detection_rule,severity
E000024,2026-04-10 23:34:54,k.mehta,WIN-029,powershell.exe -EncodedCommand NORMAL_SAMPLE,Suspicious PowerShell,High
E000037,2026-06-16 15:52:34,svc_app,WIN-026,powershell.exe -EncodedCommand NORMAL_SAMPLE,Suspicious PowerShell,High
E000095,2026-04-20 22:08:06,admin.ops,WIN-005,powershell.exe -EncodedCommand NORMAL_SAMPLE,Suspicious PowerShell,High
E000153,2026-02-08 02:59:38,a.kumar,WIN-006,powershell.exe -EncodedCommand NORMAL_SAMPLE,Suspicious PowerShell,High
E000171,2026-06-19 19:57:57,k.mehta,WIN-008,powershell.exe -EncodedCommand NORMAL_SAMPLE,Suspicious PowerShell,High
E000275,2026-06-30 09:04:08,n.gupta,WIN-007,powershell.exe -EncodedCommand NORMAL_SAMPLE,Suspicious PowerShell,High
E000321,2026-05-29 02:52:57,svc_app,WIN-015,powershell.exe -EncodedCommand NORMAL_SAMPLE,Suspicious PowerShell,High
E000417,2026-02-22 04:43:14,r.verma,WIN-022,powershell.exe -EncodedCommand NORMAL_SAMPLE,Suspicious PowerShell,High
E000461,2026-05-16 01:39:23,svc_backup,WIN-025,powershell.exe -EncodedCommand NORMAL_SAMPLE,Suspicious PowerShell,High
E000489,2026-03-27 01:08:27,r.verma,WIN-026,powershell.exe -EncodedCommand NORMAL_SAMPLE,Suspicious PowerShell,High
E000518,2026-01-20 16:56:53,svc_app,WIN-003,powershell.exe -EncodedCommand NORMAL_SAMPLE,Suspicious PowerShell,High
E000548,2026-04-09 22:37:33,k.mehta,WIN-020,powershell.exe -EncodedCommand NORMAL_SAMPLE,Suspicious PowerShell,High
E000558,2026-05-23 10:58:34,p.singh,WIN-026,powershell.exe -EncodedCommand NORMAL_SAMPLE,Suspicious PowerShell,High
E000561,2026-01-13 10:11:05,r.verma,WIN-015,powershell.exe -EncodedCommand NORMAL_SAMPLE,Suspicious PowerShell,High
E000579,2026-04-23 20:19:59,svc_app,WIN-032,powershell.exe -EncodedCommand NORMAL_SAMPLE,Suspicious PowerShell,High
E000600,2026-01-24 02:24:17,admin.ops,WIN-025,powershell.exe -EncodedCommand NORMAL_SAMPLE,Suspicious PowerShell,High
E000620,2026-04-11 12:24:55,admin.ops,WIN-040,powershell.exe -EncodedCommand NORMAL_SAMPLE,Suspicious PowerShell,High
E000640,2026-06-03 17:07:19,svc_backup,WIN-031,powershell.exe -EncodedCommand NORMAL_SAMPLE,Suspicious PowerShell,High
E000716,2026-06-20 08:44:36,s.rao,WIN-025,powershell.exe -EncodedCommand NORMAL_SAMPLE,Suspicious PowerShell,High
E000766,2026-04-17 05:12:09,admin.ops,WIN-007,powershell.exe -EncodedCommand NORMAL_SAMPLE,Suspicious PowerShell,High
E000799,2026-02-10 12:16:46,r.verma,WIN-036,powershell.exe -EncodedCommand NORMAL_SAMPLE,Suspicious PowerShell,High
E000826,2026-06-01 12:18:23,p.singh,WIN-006,powershell.exe -EncodedCommand NORMAL_SAMPLE,Suspicious PowerShell,High
E000920,2026-05-12 22:55:04,s.rao,WIN-037,powershell.exe -EncodedCommand NORMAL_SAMPLE,Suspicious PowerShell,High
E000936,2026-03-12 09:54:25,s.rao,WIN-007,powershell.exe -EncodedCommand NORMAL_SAMPLE,Suspicious PowerShell,High
E000941,2026-06-23 05:28:56,d.patel,WIN-033,powershell.exe -EncodedCommand NORMAL_SAMPLE,Suspicious PowerShell,High
E000950,2026-04-05 12:14:43,n.gupta,WIN-023,powershell.exe -EncodedCommand NORMAL_SAMPLE,Suspicious PowerShell,High
E000992,2026-06-30 21:47:49,k.mehta,WIN-014,powershell.exe -EncodedCommand NORMAL_SAMPLE,Suspicious PowerShell,High
E001007,2026-06-09 16:25:04,svc_app,WIN-010,powershell.exe -EncodedCommand NORMAL_SAMPLE,Suspicious PowerShell,High
E001011,2026-06-20 01:42:38,r.verma,WIN-026,powershell.exe -EncodedCommand NORMAL_SAMPLE,Suspicious PowerShell,High
E001038,2026-04-24 10:57:11,s.rao,WIN-036,powershell.exe -EncodedCommand NORMAL_SAMPLE,Suspicious PowerShell,High
E001052,2026-03-17 12:40:27,s.rao,WIN-016,powershell.exe -EncodedCommand NORMAL_SAMPLE,Suspicious PowerShell,High
E001064,2026-05-25 03:55:32,d.patel,WIN-018,powershell.exe -EncodedCommand NORMAL_SAMPLE,Suspicious PowerShell,High
E001085,2026-05-27 04:12:36,d.patel,WIN-012,powershell.exe -EncodedCommand NORMAL_SAMPLE,Suspicious PowerShell,High
E001106,2026-02-03 03:21:23,n.gupta,WIN-025,powershell.exe -EncodedCommand NORMAL_SAMPLE,Suspicious PowerShell,High
E001121,2026-06-30 14:40:13,m.sharma,WIN-040,powershell.exe -EncodedCommand NORMAL_SAMPLE,Suspicious PowerShell,High
E001147,2026-05-16 01:34:27,r.verma,WIN-017,powershell.exe -EncodedCommand NORMAL_SAMPLE,Suspicious PowerShell,High
E001148,2026-04-28 18:28:44,j.smith,WIN-009,powershell.exe -EncodedCommand NORMAL_SAMPLE,Suspicious PowerShell,High
E001226,2026-01-21 00:28:35,svc_app,WIN-032,powershell.exe -EncodedCommand NORMAL_SAMPLE,Suspicious PowerShell,High
E001230,2026-06-02 10:13:11,svc_app,WIN-014,powershell.exe -EncodedCommand NORMAL_SAMPLE,Suspicious PowerShell,High
E001234,2026-06-12 12:54:14,n.gupta,WIN-038,powershell.exe -EncodedCommand NORMAL_SAMPLE,Suspicious PowerShell,High
E001277,2026-04-22 13:27:18,svc_app,WIN-005,powershell.exe -EncodedCommand NORMAL_SAMPLE,Suspicious PowerShell,High
E001307,2026-04-03 00:00:19,svc_app,WIN-011,powershell.exe -EncodedCommand NORMAL_SAMPLE,Suspicious PowerShell,High
E001312,2026-02-10 16:00:10,svc_backup,WIN-024,powershell.exe -EncodedCommand NORMAL_SAMPLE,Suspicious PowerShell,High
E001318,2026-02-21 22:31:55,svc_app,WIN-011,powershell.exe -EncodedCommand NORMAL_SAMPLE,Suspicious PowerShell,High
E001371,2026-06-07 14:26:03,j.smith,WIN-020,powershell.exe -EncodedCommand NORMAL_SAMPLE,Suspicious PowerShell,High
E001373,2026-05-09 15:34:06,n.gupta,WIN-040,powershell.exe -EncodedCommand NORMAL_SAMPLE,Suspicious PowerShell,High
E001397,2026-02-04 23:46:38,d.patel,WIN-012,powershell.exe -EncodedCommand NORMAL_SAMPLE,Suspicious PowerShell,High
E001440,2026-03-15 21:17:24,n.gupta,WIN-038,powershell.exe -EncodedCommand NORMAL_SAMPLE,Suspicious PowerShell,High
E001458,2026-04-18 23:53:04,svc_backup,WIN-011,powershell.exe -EncodedCommand NORMAL_SAMPLE,Suspicious PowerShell,High
E001486,2026-04-02 03:12:22,admin.ops,WIN-028,powershell.exe -EncodedCommand NORMAL_SAMPLE,Suspicious PowerShell,High
E001508,2026-01-15 03:38:50,n.gupta,WIN-035,powershell.exe -EncodedCommand NORMAL_SAMPLE,Suspicious PowerShell,High
E001517,2026-04-17 07:55:08,a.kumar,WIN-040,powershell.exe -EncodedCommand NORMAL_SAMPLE,Suspicious PowerShell,High
E001526,2026-03-25 12:21:14,svc_backup,WIN-025,powershell.exe -EncodedCommand NORMAL_SAMPLE,Suspicious PowerShell,High
E001548,2026-02-02 23:59:55,s.rao,WIN-010,powershell.exe -EncodedCommand NORMAL_SAMPLE,Suspicious PowerShell,High
E001584,2026-02-02 03:11:38,svc_app,WIN-027,powershell.exe -EncodedCommand NORMAL_SAMPLE,Suspicious PowerShell,High
E001591,2026-02-26 19:53:45,svc_app,WIN-040,powershell.exe -EncodedCommand NORMAL_SAMPLE,Suspicious PowerShell,High
E001630,2026-04-27 18:17:44,p.singh,WIN-013,powershell.exe -EncodedCommand NORMAL_SAMPLE,Suspicious PowerShell,High
E001750,2026-02-17 16:40:16,admin.ops,WIN-008,powershell.exe -EncodedCommand NORMAL_SAMPLE,Suspicious PowerShell,High
E001764,2026-04-03 01:52:04,r.verma,WIN-025,powershell.exe -EncodedCommand NORMAL_SAMPLE,Suspicious PowerShell,High
E001792,2026-05-22 14:35:06,j.smith,WIN-006,powershell.exe -EncodedCommand NORMAL_SAMPLE,Suspicious PowerShell,High
E001929,2026-02-22 04:57:26,m.sharma,WIN-038,powershell.exe -EncodedCommand NORMAL_SAMPLE,Suspicious PowerShell,High
E001932,2026-04-08 02:22:11,d.patel,WIN-031,powershell.exe -EncodedCommand NORMAL_SAMPLE,Suspicious PowerShell,High
E001967,2026-04-08 00:27:22,k.mehta,WIN-022,powershell.exe -EncodedCommand NORMAL_SAMPLE,Suspicious PowerShell,High
E001983,2026-05-07 18:32:14,r.verma,WIN-008,powershell.exe -EncodedCommand NORMAL_SAMPLE,Suspicious PowerShell,High
E002010,2026-03-09 07:03:12,admin.ops,WIN-011,powershell.exe -EncodedCommand NORMAL_SAMPLE,Suspicious PowerShell,High
E002022,2026-01-03 05:08:09,m.sharma,WIN-009,powershell.exe -EncodedCommand NORMAL_SAMPLE,Suspicious PowerShell,High
E002102,2026-04-22 09:19:40,m.sharma,WIN-023,powershell.exe -EncodedCommand NORMAL_SAMPLE,Suspicious PowerShell,High
E002126,2026-05-29 13:44:16,svc_backup,WIN-034,powershell.exe -EncodedCommand NORMAL_SAMPLE,Suspicious PowerShell,High
E002183,2026-06-10 19:16:17,s.rao,WIN-015,powershell.exe -EncodedCommand NORMAL_SAMPLE,Suspicious PowerShell,High
E002250,2026-05-03 03:11:39,admin.ops,WIN-038,powershell.exe -EncodedCommand NORMAL_SAMPLE,Suspicious PowerShell,High
E002281,2026-01-21 12:47:06,svc_app,WIN-022,powershell.exe -EncodedCommand NORMAL_SAMPLE,Suspicious PowerShell,High
E002286,2026-05-17 04:43:08,k.mehta,WIN-025,powershell.exe -EncodedCommand NORMAL_SAMPLE,Suspicious PowerShell,High
E002288,2026-06-04 01:05:41,svc_app,WIN-010,powershell.exe -EncodedCommand NORMAL_SAMPLE,Suspicious PowerShell,High
E002297,2026-04-23 00:24:56,svc_app,WIN-007,powershell.exe -EncodedCommand NORMAL_SAMPLE,Suspicious PowerShell,High
E002302,2026-01-25 02:48:01,a.kumar,WIN-030,powershell.exe -EncodedCommand NORMAL_SAMPLE,Suspicious PowerShell,High
E002306,2026-01-10 21:04:14,j.smith,WIN-007,powershell.exe -EncodedCommand NORMAL_SAMPLE,Suspicious PowerShell,High
E002325,2026-02-25 14:23:48,svc_app,WIN-001,powershell.exe -EncodedCommand NORMAL_SAMPLE,Suspicious PowerShell,High
E002418,2026-03-29 08:22:13,r.verma,WIN-020,powershell.exe -EncodedCommand NORMAL_SAMPLE,Suspicious PowerShell,High
E002441,2026-02-07 15:44:14,m.sharma,WIN-016,powershell.exe -EncodedCommand NORMAL_SAMPLE,Suspicious PowerShell,High
E002456,2026-02-17 02:16:48,admin.ops,WIN-037,powershell.exe -EncodedCommand NORMAL_SAMPLE,Suspicious PowerShell,High
E002467,2026-03-10 10:45:22,p.singh,WIN-033,powershell.exe -EncodedCommand NORMAL_SAMPLE,Suspicious PowerShell,High
E002486,2026-05-30 02:08:08,svc_app,WIN-001,powershell.exe -EncodedCommand NORMAL_SAMPLE,Suspicious PowerShell,High
E002501,2026-06-14 02:59:59,m.sharma,WIN-031,powershell.exe -EncodedCommand NORMAL_SAMPLE,Suspicious PowerShell,High
E002549,2026-01-16 11:45:22,svc_app,WIN-015,powershell.exe -EncodedCommand NORMAL_SAMPLE,Suspicious PowerShell,High
E002603,2026-01-16 10:24:57,m.sharma,WIN-032,powershell.exe -EncodedCommand NORMAL_SAMPLE,Suspicious PowerShell,High
E002625,2026-02-27 07:22:19,n.gupta,WIN-023,powershell.exe -EncodedCommand NORMAL_SAMPLE,Suspicious PowerShell,High
E002657,2026-02-09 04:59:02,k.mehta,WIN-002,powershell.exe -EncodedCommand NORMAL_SAMPLE,Suspicious PowerShell,High
E002736,2026-02-20 15:23:20,d.patel,WIN-004,powershell.exe -EncodedCommand NORMAL_SAMPLE,Suspicious PowerShell,High
E002745,2026-05-25 19:51:33,svc_backup,WIN-005,powershell.exe -EncodedCommand NORMAL_SAMPLE,Suspicious PowerShell,High
E002754,2026-01-11 02:40:24,admin.ops,WIN-014,powershell.exe -EncodedCommand NORMAL_SAMPLE,Suspicious PowerShell,High
E002767,2026-05-05 20:29:27,svc_app,WIN-034,powershell.exe -EncodedCommand NORMAL_SAMPLE,Suspicious PowerShell,High
E002776,2026-05-11 04:36:18,j.smith,WIN-022,powershell.exe -EncodedCommand NORMAL_SAMPLE,Suspicious PowerShell,High
E002777,2026-03-07 00:18:03,m.sharma,WIN-004,powershell.exe -EncodedCommand NORMAL_SAMPLE,Suspicious PowerShell,High
E002791,2026-06-22 07:21:09,admin.ops,WIN-015,powershell.exe -EncodedCommand NORMAL_SAMPLE,Suspicious PowerShell,High
E002838,2026-05-23 03:48:57,j.smith,WIN-008,powershell.exe -EncodedCommand NORMAL_SAMPLE,Suspicious PowerShell,High
E002866,2026-05-18 11:30:51,svc_backup,WIN-025,powershell.exe -EncodedCommand NORMAL_SAMPLE,Suspicious PowerShell,High
E002885,2026-05-05 09:32:47,n.gupta,WIN-033,powershell.exe -EncodedCommand NORMAL_SAMPLE,Suspicious PowerShell,High
E002989,2026-05-12 14:47:34,s.rao,WIN-006,powershell.exe -EncodedCommand NORMAL_SAMPLE,Suspicious PowerShell,High
E003039,2026-01-08 03:02:23,svc_app,WIN-032,powershell.exe -EncodedCommand NORMAL_SAMPLE,Suspicious PowerShell,High
E003093,2026-06-30 15:57:39,k.mehta,WIN-023,powershell.exe -EncodedCommand NORMAL_SAMPLE,Suspicious PowerShell,High
E003094,2026-05-02 08:41:53,m.sharma,WIN-036,powershell.exe -EncodedCommand NORMAL_SAMPLE,Suspicious PowerShell,High
E003123,2026-06-24 13:18:12,n.gupta,WIN-037,powershell.exe -EncodedCommand NORMAL_SAMPLE,Suspicious PowerShell,High
E003134,2026-05-12 03:56:05,j.smith,WIN-010,powershell.exe -EncodedCommand NORMAL_SAMPLE,Suspicious PowerShell,High
E003159,2026-05-28 18:53:17,svc_app,WIN-019,powershell.exe -EncodedCommand NORMAL_SAMPLE,Suspicious PowerShell,High
E003165,2026-06-26 01:22:23,s.rao,WIN-040,powershell.exe -EncodedCommand NORMAL_SAMPLE,Suspicious PowerShell,High
E003168,2026-03-23 23:56:12,r.verma,WIN-028,powershell.exe -EncodedCommand NORMAL_SAMPLE,Suspicious PowerShell,High
E003181,2026-05-02 17:22:29,n.gupta,WIN-019,powershell.exe -EncodedCommand NORMAL_SAMPLE,Suspicious PowerShell,High
E003192,2026-05-24 23:08:56,j.smith,WIN-019,powershell.exe -EncodedCommand NORMAL_SAMPLE,Suspicious PowerShell,High
E003209,2026-02-05 18:17:10,p.singh,WIN-035,powershell.exe -EncodedCommand NORMAL_SAMPLE,Suspicious PowerShell,High
E003235,2026-01-05 20:02:20,m.sharma,WIN-012,powershell.exe -EncodedCommand NORMAL_SAMPLE,Suspicious PowerShell,High
E003239,2026-04-07 14:33:01,s.rao,WIN-023,powershell.exe -EncodedCommand NORMAL_SAMPLE,Suspicious PowerShell,High
E003331,2026-06-11 07:39:55,k.mehta,WIN-038,powershell.exe -EncodedCommand NORMAL_SAMPLE,Suspicious PowerShell,High
E003339,2026-01-08 12:40:09,r.verma,WIN-003,powershell.exe -EncodedCommand NORMAL_SAMPLE,Suspicious PowerShell,High
E003415,2026-02-18 04:16:46,svc_app,WIN-033,powershell.exe -EncodedCommand NORMAL_SAMPLE,Suspicious PowerShell,High
E003426,2026-03-25 03:29:53,a.kumar,WIN-014,powershell.exe -EncodedCommand NORMAL_SAMPLE,Suspicious PowerShell,High
E003444,2026-01-19 09:00:52,k.mehta,WIN-023,powershell.exe -EncodedCommand NORMAL_SAMPLE,Suspicious PowerShell,High
E003457,2026-01-13 18:51:51,a.kumar,WIN-033,powershell.exe -EncodedCommand NORMAL_SAMPLE,Suspicious PowerShell,High
E003461,2026-03-14 12:52:42,j.smith,WIN-012,powershell.exe -EncodedCommand NORMAL_SAMPLE,Suspicious PowerShell,High
E003511,2026-05-31 03:07:28,j.smith,WIN-024,powershell.exe -EncodedCommand NORMAL_SAMPLE,Suspicious PowerShell,High
E003519,2026-02-08 23:09:20,admin.ops,WIN-035,powershell.exe -EncodedCommand NORMAL_SAMPLE,Suspicious PowerShell,High
E003528,2026-02-23 20:49:01,k.mehta,WIN-033,powershell.exe -EncodedCommand NORMAL_SAMPLE,Suspicious PowerShell,High
E003557,2026-03-28 23:17:06,m.sharma,WIN-009,powershell.exe -EncodedCommand NORMAL_SAMPLE,Suspicious PowerShell,High
E003571,2026-01-08 12:21:59,m.sharma,WIN-012,powershell.exe -EncodedCommand NORMAL_SAMPLE,Suspicious PowerShell,High
E003579,2026-05-24 05:45:31,admin.ops,WIN-012,powershell.exe -EncodedCommand NORMAL_SAMPLE,Suspicious PowerShell,High
E003598,2026-06-18 02:07:01,admin.ops,WIN-013,powershell.exe -EncodedCommand NORMAL_SAMPLE,Suspicious PowerShell,High
E003618,2026-01-02 19:03:20,svc_backup,WIN-040,powershell.exe -EncodedCommand NORMAL_SAMPLE,Suspicious PowerShell,High
E003619,2026-02-20 14:00:07,admin.ops,WIN-037,powershell.exe -EncodedCommand NORMAL_SAMPLE,Suspicious PowerShell,High
E003674,2026-06-03 23:10:57,r.verma,WIN-003,powershell.exe -EncodedCommand NORMAL_SAMPLE,Suspicious PowerShell,High
E003760,2026-02-20 07:35:12,r.verma,WIN-032,powershell.exe -EncodedCommand NORMAL_SAMPLE,Suspicious PowerShell,High
E003765,2026-05-19 07:56:37,m.sharma,WIN-019,powershell.exe -EncodedCommand NORMAL_SAMPLE,Suspicious PowerShell,High
E003780,2026-02-19 15:59:11,s.rao,WIN-011,powershell.exe -EncodedCommand NORMAL_SAMPLE,Suspicious PowerShell,High
E003798,2026-02-15 14:37:08,s.rao,WIN-001,powershell.exe -EncodedCommand NORMAL_SAMPLE,Suspicious PowerShell,High
E003853,2026-05-23 00:55:25,r.verma,WIN-034,powershell.exe -EncodedCommand NORMAL_SAMPLE,Suspicious PowerShell,High
E003862,2026-01-03 19:19:39,admin.ops,WIN-005,powershell.exe -EncodedCommand NORMAL_SAMPLE,Suspicious PowerShell,High
E003873,2026-04-08 10:18:28,admin.ops,WIN-004,powershell.exe -EncodedCommand NORMAL_SAMPLE,Suspicious PowerShell,High
E003879,2026-02-07 02:15:30,svc_backup,WIN-008,powershell.exe -EncodedCommand NORMAL_SAMPLE,Suspicious PowerShell,High
E003890,2026-03-02 08:36:17,k.mehta,WIN-021,powershell.exe -EncodedCommand NORMAL_SAMPLE,Suspicious PowerShell,High
E003911,2026-03-07 11:04:33,r.verma,WIN-038,powershell.exe -EncodedCommand NORMAL_SAMPLE,Suspicious PowerShell,High
E003919,2026-04-05 06:38:58,svc_app,WIN-030,powershell.exe -EncodedCommand NORMAL_SAMPLE,Suspicious PowerShell,High
E003928,2026-05-06 15:14:19,p.singh,WIN-014,powershell.exe -EncodedCommand NORMAL_SAMPLE,Suspicious PowerShell,High
E003930,2026-04-02 18:36:16,p.singh,WIN-039,powershell.exe -EncodedCommand NORMAL_SAMPLE,Suspicious PowerShell,High
E004070,2026-03-22 03:08:25,r.verma,WIN-031,powershell.exe -EncodedCommand NORMAL_SAMPLE,Suspicious PowerShell,High
E004103,2026-03-10 11:59:14,n.gupta,WIN-006,powershell.exe -EncodedCommand NORMAL_SAMPLE,Suspicious PowerShell,High
E004109,2026-03-31 21:48:48,p.singh,WIN-014,powershell.exe -EncodedCommand NORMAL_SAMPLE,Suspicious PowerShell,High
E004138,2026-03-10 19:21:23,d.patel,WIN-004,powershell.exe -EncodedCommand NORMAL_SAMPLE,Suspicious PowerShell,High
E004141,2026-02-08 19:59:49,d.patel,WIN-011,powershell.exe -EncodedCommand NORMAL_SAMPLE,Suspicious PowerShell,High
E004173,2026-06-20 22:23:36,svc_app,WIN-032,powershell.exe -EncodedCommand NORMAL_SAMPLE,Suspicious PowerShell,High
E004177,2026-03-15 17:16:25,j.smith,WIN-022,powershell.exe -EncodedCommand NORMAL_SAMPLE,Suspicious PowerShell,High
E004196,2026-01-29 00:33:29,admin.ops,WIN-013,powershell.exe -EncodedCommand NORMAL_SAMPLE,Suspicious PowerShell,High
E004205,2026-04-11 13:23:47,svc_app,WIN-008,powershell.exe -EncodedCommand NORMAL_SAMPLE,Suspicious PowerShell,High
E004289,2026-01-28 12:52:10,r.verma,WIN-018,powershell.exe -EncodedCommand NORMAL_SAMPLE,Suspicious PowerShell,High
E004304,2026-03-18 14:10:41,d.patel,WIN-021,powershell.exe -EncodedCommand NORMAL_SAMPLE,Suspicious PowerShell,High
E004354,2026-02-09 05:28:39,k.mehta,WIN-029,powershell.exe -EncodedCommand NORMAL_SAMPLE,Suspicious PowerShell,High
E004372,2026-03-08 14:47:36,s.rao,WIN-039,powershell.exe -EncodedCommand NORMAL_SAMPLE,Suspicious PowerShell,High
E004384,2026-05-08 16:23:36,a.kumar,WIN-007,powershell.exe -EncodedCommand NORMAL_SAMPLE,Suspicious PowerShell,High
E004386,2026-05-04 13:33:15,svc_app,WIN-020,powershell.exe -EncodedCommand NORMAL_SAMPLE,Suspicious PowerShell,High
E004395,2026-03-22 13:21:59,k.mehta,WIN-014,powershell.exe -EncodedCommand NORMAL_SAMPLE,Suspicious PowerShell,High
E004402,2026-01-08 07:23:51,m.sharma,WIN-024,powershell.exe -EncodedCommand NORMAL_SAMPLE,Suspicious PowerShell,High
E004503,2026-01-04 16:42:23,a.kumar,WIN-014,powershell.exe -EncodedCommand NORMAL_SAMPLE,Suspicious PowerShell,High
E004606,2026-02-02 11:33:13,n.gupta,WIN-001,powershell.exe -EncodedCommand NORMAL_SAMPLE,Suspicious PowerShell,High
E004657,2026-03-07 09:24:14,k.mehta,WIN-004,powershell.exe -EncodedCommand NORMAL_SAMPLE,Suspicious PowerShell,High
E004666,2026-01-12 22:06:14,d.patel,WIN-002,powershell.exe -EncodedCommand NORMAL_SAMPLE,Suspicious PowerShell,High
E004672,2026-05-03 17:58:28,m.sharma,WIN-020,powershell.exe -EncodedCommand NORMAL_SAMPLE,Suspicious PowerShell,High
E004856,2026-05-27 06:50:24,n.gupta,WIN-029,powershell.exe -EncodedCommand NORMAL_SAMPLE,Suspicious PowerShell,High
E004982,2026-02-25 18:51:32,m.sharma,WIN-006,powershell.exe -EncodedCommand NORMAL_SAMPLE,Suspicious PowerShell,High
E005004,2026-05-28 11:10:18,a.kumar,WIN-008,powershell.exe -EncodedCommand NORMAL_SAMPLE,Suspicious PowerShell,High
E005334,2026-01-05 13:50:32,p.singh,WIN-010,powershell.exe -EncodedCommand NORMAL_SAMPLE,Suspicious PowerShell,High
E005339,2026-05-17 07:18:50,k.mehta,WIN-018,powershell.exe -EncodedCommand NORMAL_SAMPLE,Suspicious PowerShell,High
E005351,2026-04-10 01:46:54,s.rao,WIN-035,powershell.exe -EncodedCommand NORMAL_SAMPLE,Suspicious PowerShell,High
E005383,2026-03-16 08:39:56,s.rao,WIN-033,powershell.exe -EncodedCommand NORMAL_SAMPLE,Suspicious PowerShell,High
E005436,2026-06-08 20:25:24,admin.ops,WIN-016,powershell.exe -EncodedCommand NORMAL_SAMPLE,Suspicious PowerShell,High
E005438,2026-05-19 15:36:24,p.singh,WIN-018,powershell.exe -EncodedCommand NORMAL_SAMPLE,Suspicious PowerShell,High
E005447,2026-06-18 09:23:09,p.singh,WIN-021,powershell.exe -EncodedCommand NORMAL_SAMPLE,Suspicious PowerShell,High
E005503,2026-02-24 17:10:28,m.sharma,WIN-019,powershell.exe -EncodedCommand NORMAL_SAMPLE,Suspicious PowerShell,High
E005513,2026-02-13 16:04:53,p.singh,WIN-024,powershell.exe -EncodedCommand NORMAL_SAMPLE,Suspicious PowerShell,High
E005612,2026-02-07 16:15:35,a.kumar,WIN-016,powershell.exe -EncodedCommand NORMAL_SAMPLE,Suspicious PowerShell,High
E005662,2026-02-02 09:39:10,svc_app,WIN-003,powershell.exe -EncodedCommand NORMAL_SAMPLE,Suspicious PowerShell,High
E005698,2026-05-08 21:27:31,p.singh,WIN-031,powershell.exe -EncodedCommand NORMAL_SAMPLE,Suspicious PowerShell,High
E005701,2026-04-17 07:16:07,admin.ops,WIN-030,powershell.exe -EncodedCommand NORMAL_SAMPLE,Suspicious PowerShell,High
E005711,2026-06-09 08:18:42,a.kumar,WIN-030,powershell.exe -EncodedCommand NORMAL_SAMPLE,Suspicious PowerShell,High
E005716,2026-06-12 11:15:39,svc_app,WIN-011,powershell.exe -EncodedCommand NORMAL_SAMPLE,Suspicious PowerShell,High
E005733,2026-06-06 13:42:45,r.verma,WIN-010,powershell.exe -EncodedCommand NORMAL_SAMPLE,Suspicious PowerShell,High
E005752,2026-02-02 14:44:35,svc_backup,WIN-011,powershell.exe -EncodedCommand NORMAL_SAMPLE,Suspicious PowerShell,High
E005753,2026-04-07 04:40:14,p.singh,WIN-018,powershell.exe -EncodedCommand NORMAL_SAMPLE,Suspicious PowerShell,High
E005799,2026-03-10 09:28:19,r.verma,WIN-014,powershell.exe -EncodedCommand NORMAL_SAMPLE,Suspicious PowerShell,High
E005817,2026-05-10 17:22:27,admin.ops,WIN-022,powershell.exe -EncodedCommand NORMAL_SAMPLE,Suspicious PowerShell,High
E005820,2026-02-19 12:05:42,r.verma,WIN-034,powershell.exe -EncodedCommand NORMAL_SAMPLE,Suspicious PowerShell,High
E005828,2026-04-08 04:55:22,svc_backup,WIN-018,powershell.exe -EncodedCommand NORMAL_SAMPLE,Suspicious PowerShell,High
E005831,2026-01-13 12:56:25,m.sharma,WIN-037,powershell.exe -EncodedCommand NORMAL_SAMPLE,Suspicious PowerShell,High
E005865,2026-01-26 22:46:20,svc_app,WIN-019,powershell.exe -EncodedCommand NORMAL_SAMPLE,Suspicious PowerShell,High
E005867,2026-04-20 02:17:10,n.gupta,WIN-039,powershell.exe -EncodedCommand NORMAL_SAMPLE,Suspicious PowerShell,High
E005912,2026-06-28 20:39:48,admin.ops,WIN-021,powershell.exe -EncodedCommand NORMAL_SAMPLE,Suspicious PowerShell,High
E005932,2026-05-16 02:50:51,p.singh,WIN-007,powershell.exe -EncodedCommand NORMAL_SAMPLE,Suspicious PowerShell,High
E005943,2026-02-13 00:07:01,k.mehta,WIN-016,powershell.exe -EncodedCommand NORMAL_SAMPLE,Suspicious PowerShell,High
E005969,2026-01-21 15:42:59,a.kumar,WIN-022,powershell.exe -EncodedCommand NORMAL_SAMPLE,Suspicious PowerShell,High
E005983,2026-06-20 00:31:14,m.sharma,WIN-022,powershell.exe -EncodedCommand NORMAL_SAMPLE,Suspicious PowerShell,High
E006051,2026-02-22 20:50:37,n.gupta,WIN-032,powershell.exe -EncodedCommand NORMAL_SAMPLE,Suspicious PowerShell,High
E006146,2026-05-26 21:58:45,s.rao,WIN-022,powershell.exe -EncodedCommand NORMAL_SAMPLE,Suspicious PowerShell,High
E006162,2026-04-16 02:33:05,s.rao,WIN-020,powershell.exe -EncodedCommand NORMAL_SAMPLE,Suspicious PowerShell,High
E006177,2026-02-10 09:09:50,k.mehta,WIN-039,powershell.exe -EncodedCommand NORMAL_SAMPLE,Suspicious PowerShell,High
E006189,2026-01-03 20:53:49,m.sharma,WIN-039,powershell.exe -EncodedCommand NORMAL_SAMPLE,Suspicious PowerShell,High
E006203,2026-04-11 12:35:17,svc_app,WIN-025,powershell.exe -EncodedCommand NORMAL_SAMPLE,Suspicious PowerShell,High
E006250,2026-04-25 20:06:40,a.kumar,WIN-026,powershell.exe -EncodedCommand NORMAL_SAMPLE,Suspicious PowerShell,High
E006278,2026-03-01 21:17:53,a.kumar,WIN-016,powershell.exe -EncodedCommand NORMAL_SAMPLE,Suspicious PowerShell,High
E006291,2026-06-20 12:43:46,svc_backup,WIN-001,powershell.exe -EncodedCommand NORMAL_SAMPLE,Suspicious PowerShell,High
E006337,2026-05-03 22:31:57,j.smith,WIN-023,powershell.exe -EncodedCommand NORMAL_SAMPLE,Suspicious PowerShell,High
E006375,2026-03-07 23:08:37,n.gupta,WIN-006,powershell.exe -EncodedCommand NORMAL_SAMPLE,Suspicious PowerShell,High
E006383,2026-04-28 22:31:41,s.rao,WIN-031,powershell.exe -EncodedCommand NORMAL_SAMPLE,Suspicious PowerShell,High
E006394,2026-01-05 20:38:05,d.patel,WIN-012,powershell.exe -EncodedCommand NORMAL_SAMPLE,Suspicious PowerShell,High
E006430,2026-04-19 03:30:44,a.kumar,WIN-008,powershell.exe -EncodedCommand NORMAL_SAMPLE,Suspicious PowerShell,High
E006518,2026-04-23 22:50:18,svc_app,WIN-002,powershell.exe -EncodedCommand NORMAL_SAMPLE,Suspicious PowerShell,High
E006525,2026-06-18 08:17:35,svc_backup,WIN-005,powershell.exe -EncodedCommand NORMAL_SAMPLE,Suspicious PowerShell,High
E006528,2026-05-29 03:08:19,p.singh,WIN-032,powershell.exe -EncodedCommand NORMAL_SAMPLE,Suspicious PowerShell,High
E006584,2026-02-17 17:45:13,r.verma,WIN-010,powershell.exe -EncodedCommand NORMAL_SAMPLE,Suspicious PowerShell,High
E006595,2026-06-05 19:30:19,k.mehta,WIN-007,powershell.exe -EncodedCommand NORMAL_SAMPLE,Suspicious PowerShell,High
E006616,2026-04-23 17:23:55,n.gupta,WIN-032,powershell.exe -EncodedCommand NORMAL_SAMPLE,Suspicious PowerShell,High
E006678,2026-02-14 22:15:22,a.kumar,WIN-023,powershell.exe -EncodedCommand NORMAL_SAMPLE,Suspicious PowerShell,High
E006687,2026-01-30 19:14:09,m.sharma,WIN-002,powershell.exe -EncodedCommand NORMAL_SAMPLE,Suspicious PowerShell,High
E006689,2026-04-30 23:22:26,n.gupta,WIN-029,powershell.exe -EncodedCommand NORMAL_SAMPLE,Suspicious PowerShell,High
E006740,2026-04-02 11:59:35,r.verma,WIN-005,powershell.exe -EncodedCommand NORMAL_SAMPLE,Suspicious PowerShell,High
E006797,2026-05-27 07:22:35,j.smith,WIN-026,powershell.exe -EncodedCommand NORMAL_SAMPLE,Suspicious PowerShell,High
E006883,2026-02-12 13:58:55,m.sharma,WIN-031,powershell.exe -EncodedCommand NORMAL_SAMPLE,Suspicious PowerShell,High
E006898,2026-02-23 06:23:41,admin.ops,WIN-040,powershell.exe -EncodedCommand NORMAL_SAMPLE,Suspicious PowerShell,High
E006937,2026-04-04 03:11:01,j.smith,WIN-026,powershell.exe -EncodedCommand NORMAL_SAMPLE,Suspicious PowerShell,High
E006973,2026-01-06 03:21:42,d.patel,WIN-028,powershell.exe -EncodedCommand NORMAL_SAMPLE,Suspicious PowerShell,High
E006975,2026-04-04 16:46:39,j.smith,WIN-022,powershell.exe -EncodedCommand NORMAL_SAMPLE,Suspicious PowerShell,High
E007031,2026-02-11 02:59:13,a.kumar,WIN-010,powershell.exe -EncodedCommand NORMAL_SAMPLE,Suspicious PowerShell,High
E007049,2026-05-28 12:59:11,m.sharma,WIN-039,powershell.exe -EncodedCommand NORMAL_SAMPLE,Suspicious PowerShell,High
E007113,2026-01-24 04:17:58,d.patel,WIN-023,powershell.exe -EncodedCommand NORMAL_SAMPLE,Suspicious PowerShell,High
E007121,2026-06-30 11:27:46,k.mehta,WIN-019,powershell.exe -EncodedCommand NORMAL_SAMPLE,Suspicious PowerShell,High
E007295,2026-06-21 18:03:29,svc_app,WIN-008,powershell.exe -EncodedCommand NORMAL_SAMPLE,Suspicious PowerShell,High
E007301,2026-03-18 07:18:31,a.kumar,WIN-035,powershell.exe -EncodedCommand NORMAL_SAMPLE,Suspicious PowerShell,High
E007303,2026-03-23 19:21:49,a.kumar,WIN-030,powershell.exe -EncodedCommand NORMAL_SAMPLE,Suspicious PowerShell,High
E007319,2026-01-30 03:50:05,svc_backup,WIN-027,powershell.exe -EncodedCommand NORMAL_SAMPLE,Suspicious PowerShell,High
E007377,2026-05-07 22:07:48,svc_backup,WIN-035,powershell.exe -EncodedCommand NORMAL_SAMPLE,Suspicious PowerShell,High
E007384,2026-01-24 18:41:04,s.rao,WIN-035,powershell.exe -EncodedCommand NORMAL_SAMPLE,Suspicious PowerShell,High
E007393,2026-03-25 23:18:02,a.kumar,WIN-011,powershell.exe -EncodedCommand NORMAL_SAMPLE,Suspicious PowerShell,High
E007402,2026-05-01 15:30:32,k.mehta,WIN-010,powershell.exe -EncodedCommand NORMAL_SAMPLE,Suspicious PowerShell,High
E007427,2026-04-18 17:13:26,n.gupta,WIN-016,powershell.exe -EncodedCommand NORMAL_SAMPLE,Suspicious PowerShell,High
E007432,2026-03-10 14:49:38,admin.ops,WIN-034,powershell.exe -EncodedCommand NORMAL_SAMPLE,Suspicious PowerShell,High
E007474,2026-03-18 22:04:45,a.kumar,WIN-013,powershell.exe -EncodedCommand NORMAL_SAMPLE,Suspicious PowerShell,High
E007535,2026-01-23 16:52:02,svc_app,WIN-032,powershell.exe -EncodedCommand NORMAL_SAMPLE,Suspicious PowerShell,High
E007618,2026-04-27 16:29:34,d.patel,WIN-018,powershell.exe -EncodedCommand NORMAL_SAMPLE,Suspicious PowerShell,High
E007621,2026-04-04 23:34:10,admin.ops,WIN-016,powershell.exe -EncodedCommand NORMAL_SAMPLE,Suspicious PowerShell,High
E007628,2026-05-26 13:24:51,m.sharma,WIN-027,powershell.exe -EncodedCommand NORMAL_SAMPLE,Suspicious PowerShell,High
E007703,2026-01-22 01:34:21,n.gupta,WIN-033,powershell.exe -EncodedCommand NORMAL_SAMPLE,Suspicious PowerShell,High
E007715,2026-06-25 09:00:11,r.verma,WIN-016,powershell.exe -EncodedCommand NORMAL_SAMPLE,Suspicious PowerShell,High
E007727,2026-05-21 08:52:01,r.verma,WIN-033,powershell.exe -EncodedCommand NORMAL_SAMPLE,Suspicious PowerShell,High
E007764,2026-03-15 01:49:40,s.rao,WIN-012,powershell.exe -EncodedCommand NORMAL_SAMPLE,Suspicious PowerShell,High
E007765,2026-05-13 16:58:11,p.singh,WIN-035,powershell.exe -EncodedCommand NORMAL_SAMPLE,Suspicious PowerShell,High
E007769,2026-06-25 19:32:03,d.patel,WIN-029,powershell.exe -EncodedCommand NORMAL_SAMPLE,Suspicious PowerShell,High
E007817,2026-04-15 21:48:17,m.sharma,WIN-036,powershell.exe -EncodedCommand NORMAL_SAMPLE,Suspicious PowerShell,High
E007845,2026-06-08 11:07:22,j.smith,WIN-025,powershell.exe -EncodedCommand NORMAL_SAMPLE,Suspicious PowerShell,High
E007850,2026-06-02 09:56:11,m.sharma,WIN-019,powershell.exe -EncodedCommand NORMAL_SAMPLE,Suspicious PowerShell,High
E007870,2026-05-11 11:45:58,d.patel,WIN-019,powershell.exe -EncodedCommand NORMAL_SAMPLE,Suspicious PowerShell,High
E007884,2026-01-05 06:16:17,a.kumar,WIN-018,powershell.exe -EncodedCommand NORMAL_SAMPLE,Suspicious PowerShell,High
E007896,2026-01-06 21:52:28,s.rao,WIN-001,powershell.exe -EncodedCommand NORMAL_SAMPLE,Suspicious PowerShell,High
E007897,2026-03-30 15:21:21,a.kumar,WIN-029,powershell.exe -EncodedCommand NORMAL_SAMPLE,Suspicious PowerShell,High
E007901,2026-01-07 03:52:43,m.sharma,WIN-005,powershell.exe -EncodedCommand NORMAL_SAMPLE,Suspicious PowerShell,High
E007955,2026-03-04 22:57:28,d.patel,WIN-016,powershell.exe -EncodedCommand NORMAL_SAMPLE,Suspicious PowerShell,High
E008003,2026-03-22 19:35:45,r.verma,WIN-001,powershell.exe -EncodedCommand NORMAL_SAMPLE,Suspicious PowerShell,High
E008008,2026-05-24 07:32:19,n.gupta,WIN-006,powershell.exe -EncodedCommand NORMAL_SAMPLE,Suspicious PowerShell,High
E008068,2026-03-15 14:08:14,m.sharma,WIN-033,powershell.exe -EncodedCommand NORMAL_SAMPLE,Suspicious PowerShell,High
E008085,2026-04-02 15:27:10,s.rao,WIN-009,powershell.exe -EncodedCommand NORMAL_SAMPLE,Suspicious PowerShell,High
E008129,2026-06-21 10:53:19,k.mehta,WIN-023,powershell.exe -EncodedCommand NORMAL_SAMPLE,Suspicious PowerShell,High
E008151,2026-04-03 11:07:13,j.smith,WIN-037,powershell.exe -EncodedCommand NORMAL_SAMPLE,Suspicious PowerShell,High
E008161,2026-06-23 17:38:40,svc_backup,WIN-004,powershell.exe -EncodedCommand NORMAL_SAMPLE,Suspicious PowerShell,High
E008252,2026-04-13 18:27:27,j.smith,WIN-018,powershell.exe -EncodedCommand NORMAL_SAMPLE,Suspicious PowerShell,High
E008259,2026-06-10 23:29:51,s.rao,WIN-012,powershell.exe -EncodedCommand NORMAL_SAMPLE,Suspicious PowerShell,High
E008298,2026-02-26 09:41:47,p.singh,WIN-009,powershell.exe -EncodedCommand NORMAL_SAMPLE,Suspicious PowerShell,High
E008336,2026-03-12 07:05:57,s.rao,WIN-039,powershell.exe -EncodedCommand NORMAL_SAMPLE,Suspicious PowerShell,High
E008345,2026-04-28 11:53:12,n.gupta,WIN-037,powershell.exe -EncodedCommand NORMAL_SAMPLE,Suspicious PowerShell,High
E008396,2026-03-31 18:43:39,a.kumar,WIN-035,powershell.exe -EncodedCommand NORMAL_SAMPLE,Suspicious PowerShell,High
E008415,2026-01-01 01:34:42,n.gupta,WIN-032,powershell.exe -EncodedCommand NORMAL_SAMPLE,Suspicious PowerShell,High
E008425,2026-03-21 16:47:07,r.verma,WIN-028,powershell.exe -EncodedCommand NORMAL_SAMPLE,Suspicious PowerShell,High
E008514,2026-05-12 01:57:45,k.mehta,WIN-029,powershell.exe -EncodedCommand NORMAL_SAMPLE,Suspicious PowerShell,High
E008545,2026-04-27 23:41:10,p.singh,WIN-018,powershell.exe -EncodedCommand NORMAL_SAMPLE,Suspicious PowerShell,High
E008595,2026-02-19 13:01:25,m.sharma,WIN-040,powershell.exe -EncodedCommand NORMAL_SAMPLE,Suspicious PowerShell,High
E008642,2026-04-27 12:25:27,admin.ops,WIN-003,powershell.exe -EncodedCommand NORMAL_SAMPLE,Suspicious PowerShell,High
E008681,2026-05-29 09:31:39,admin.ops,WIN-026,powershell.exe -EncodedCommand NORMAL_SAMPLE,Suspicious PowerShell,High
E008689,2026-02-15 05:56:02,p.singh,WIN-017,powershell.exe -EncodedCommand NORMAL_SAMPLE,Suspicious PowerShell,High
E008690,2026-04-29 06:59:35,svc_backup,WIN-002,powershell.exe -EncodedCommand NORMAL_SAMPLE,Suspicious PowerShell,High
E008707,2026-06-06 13:57:54,admin.ops,WIN-020,powershell.exe -EncodedCommand NORMAL_SAMPLE,Suspicious PowerShell,High
E008731,2026-05-09 22:55:22,j.smith,WIN-036,powershell.exe -EncodedCommand NORMAL_SAMPLE,Suspicious PowerShell,High
E008751,2026-06-04 14:46:06,d.patel,WIN-020,powershell.exe -EncodedCommand NORMAL_SAMPLE,Suspicious PowerShell,High
E008767,2026-02-14 12:54:27,k.mehta,WIN-012,powershell.exe -EncodedCommand NORMAL_SAMPLE,Suspicious PowerShell,High
E008773,2026-05-26 15:44:16,m.sharma,WIN-010,powershell.exe -EncodedCommand NORMAL_SAMPLE,Suspicious PowerShell,High
E008786,2026-02-11 10:23:34,n.gupta,WIN-010,powershell.exe -EncodedCommand NORMAL_SAMPLE,Suspicious PowerShell,High
E008787,2026-03-01 23:46:22,a.kumar,WIN-004,powershell.exe -EncodedCommand NORMAL_SAMPLE,Suspicious PowerShell,High
E008801,2026-01-25 02:25:39,admin.ops,WIN-032,powershell.exe -EncodedCommand NORMAL_SAMPLE,Suspicious PowerShell,High
E008812,2026-06-26 11:46:27,admin.ops,WIN-012,powershell.exe -EncodedCommand NORMAL_SAMPLE,Suspicious PowerShell,High
E008821,2026-04-06 00:35:27,d.patel,WIN-031,powershell.exe -EncodedCommand NORMAL_SAMPLE,Suspicious PowerShell,High
E008876,2026-05-17 21:24:25,k.mehta,WIN-037,powershell.exe -EncodedCommand NORMAL_SAMPLE,Suspicious PowerShell,High
E008928,2026-01-31 20:38:07,r.verma,WIN-017,powershell.exe -EncodedCommand NORMAL_SAMPLE,Suspicious PowerShell,High
E008952,2026-04-14 17:20:44,p.singh,WIN-009,powershell.exe -EncodedCommand NORMAL_SAMPLE,Suspicious PowerShell,High
E008977,2026-06-25 19:15:12,s.rao,WIN-040,powershell.exe -EncodedCommand NORMAL_SAMPLE,Suspicious PowerShell,High
E009003,2026-06-30 11:00:33,svc_backup,WIN-013,powershell.exe -EncodedCommand NORMAL_SAMPLE,Suspicious PowerShell,High
E009007,2026-04-08 15:24:20,k.mehta,WIN-016,powershell.exe -EncodedCommand NORMAL_SAMPLE,Suspicious PowerShell,High
E009048,2026-04-26 10:46:11,svc_app,WIN-014,powershell.exe -EncodedCommand NORMAL_SAMPLE,Suspicious PowerShell,High
E009063,2026-04-29 10:09:08,svc_backup,WIN-002,powershell.exe -EncodedCommand NORMAL_SAMPLE,Suspicious PowerShell,High
E009097,2026-06-17 18:10:34,p.singh,WIN-008,powershell.exe -EncodedCommand NORMAL_SAMPLE,Suspicious PowerShell,High
E009149,2026-05-29 05:47:42,r.verma,WIN-007,powershell.exe -EncodedCommand NORMAL_SAMPLE,Suspicious PowerShell,High
E009161,2026-05-07 11:47:22,admin.ops,WIN-037,powershell.exe -EncodedCommand NORMAL_SAMPLE,Suspicious PowerShell,High
E009165,2026-03-25 04:44:50,svc_app,WIN-016,powershell.exe -EncodedCommand NORMAL_SAMPLE,Suspicious PowerShell,High
E009193,2026-03-21 00:10:36,a.kumar,WIN-015,powershell.exe -EncodedCommand NORMAL_SAMPLE,Suspicious PowerShell,High
E009200,2026-04-15 10:30:35,d.patel,WIN-011,powershell.exe -EncodedCommand NORMAL_SAMPLE,Suspicious PowerShell,High
E009288,2026-04-03 16:55:36,r.verma,WIN-019,powershell.exe -EncodedCommand NORMAL_SAMPLE,Suspicious PowerShell,High
E009293,2026-01-01 11:07:14,svc_app,WIN-019,powershell.exe -EncodedCommand NORMAL_SAMPLE,Suspicious PowerShell,High
E009311,2026-04-21 11:18:11,j.smith,WIN-006,powershell.exe -EncodedCommand NORMAL_SAMPLE,Suspicious PowerShell,High
E009347,2026-02-09 18:34:31,s.rao,WIN-022,powershell.exe -EncodedCommand NORMAL_SAMPLE,Suspicious PowerShell,High
E009385,2026-03-11 12:09:17,svc_backup,WIN-018,powershell.exe -EncodedCommand NORMAL_SAMPLE,Suspicious PowerShell,High
E009391,2026-06-30 03:55:55,j.smith,WIN-017,powershell.exe -EncodedCommand NORMAL_SAMPLE,Suspicious PowerShell,High
E009399,2026-04-09 15:13:25,p.singh,WIN-017,powershell.exe -EncodedCommand NORMAL_SAMPLE,Suspicious PowerShell,High
E009451,2026-06-26 21:25:31,d.patel,WIN-032,powershell.exe -EncodedCommand NORMAL_SAMPLE,Suspicious PowerShell,High
E009488,2026-05-11 23:01:15,d.patel,WIN-038,powershell.exe -EncodedCommand NORMAL_SAMPLE,Suspicious PowerShell,High
E009576,2026-06-05 11:27:53,a.kumar,WIN-038,powershell.exe -EncodedCommand NORMAL_SAMPLE,Suspicious PowerShell,High
E009606,2026-02-06 05:52:39,d.patel,WIN-039,powershell.exe -EncodedCommand NORMAL_SAMPLE,Suspicious PowerShell,High
E009623,2026-06-08 08:52:45,svc_app,WIN-002,powershell.exe -EncodedCommand NORMAL_SAMPLE,Suspicious PowerShell,High
E009626,2026-03-27 16:35:41,svc_backup,WIN-032,powershell.exe -EncodedCommand NORMAL_SAMPLE,Suspicious PowerShell,High
E009668,2026-04-05 21:04:50,r.verma,WIN-003,powershell.exe -EncodedCommand NORMAL_SAMPLE,Suspicious PowerShell,High
E009674,2026-02-13 09:54:38,j.smith,WIN-035,powershell.exe -EncodedCommand NORMAL_SAMPLE,Suspicious PowerShell,High
E009722,2026-02-03 08:12:21,j.smith,WIN-011,powershell.exe -EncodedCommand NORMAL_SAMPLE,Suspicious PowerShell,High
E009733,2026-03-17 09:08:56,admin.ops,WIN-030,powershell.exe -EncodedCommand NORMAL_SAMPLE,Suspicious PowerShell,High
E009739,2026-06-08 04:52:53,svc_backup,WIN-030,powershell.exe -EncodedCommand NORMAL_SAMPLE,Suspicious PowerShell,High
E009806,2026-04-12 11:29:15,n.gupta,WIN-027,powershell.exe -EncodedCommand NORMAL_SAMPLE,Suspicious PowerShell,High
E009816,2026-03-22 07:45:52,admin.ops,WIN-006,powershell.exe -EncodedCommand NORMAL_SAMPLE,Suspicious PowerShell,High
E009823,2026-01-12 17:35:34,s.rao,WIN-010,powershell.exe -EncodedCommand NORMAL_SAMPLE,Suspicious PowerShell,High
E010030,2026-05-09 02:10:47,svc_backup,WIN-024,powershell.exe -EncodedCommand NORMAL_SAMPLE,Suspicious PowerShell,High
E010038,2026-05-22 19:20:11,n.gupta,WIN-037,powershell.exe -EncodedCommand NORMAL_SAMPLE,Suspicious PowerShell,High
E010047,2026-04-18 03:41:35,m.sharma,WIN-014,powershell.exe -EncodedCommand NORMAL_SAMPLE,Suspicious PowerShell,High
E010062,2026-01-21 05:06:57,p.singh,WIN-039,powershell.exe -EncodedCommand NORMAL_SAMPLE,Suspicious PowerShell,High
E010068,2026-06-16 17:59:44,m.sharma,WIN-032,powershell.exe -EncodedCommand NORMAL_SAMPLE,Suspicious PowerShell,High
E010145,2026-03-03 13:47:35,d.patel,WIN-022,powershell.exe -EncodedCommand NORMAL_SAMPLE,Suspicious PowerShell,High
E010149,2026-05-04 05:15:50,admin.ops,WIN-012,powershell.exe -EncodedCommand NORMAL_SAMPLE,Suspicious PowerShell,High
E010193,2026-05-12 22:03:09,svc_app,WIN-019,powershell.exe -EncodedCommand NORMAL_SAMPLE,Suspicious PowerShell,High
E010194,2026-01-27 06:43:11,k.mehta,WIN-024,powershell.exe -EncodedCommand NORMAL_SAMPLE,Suspicious PowerShell,High
E010234,2026-03-15 18:31:30,r.verma,WIN-031,powershell.exe -EncodedCommand NORMAL_SAMPLE,Suspicious PowerShell,High
E010273,2026-01-25 20:28:54,p.singh,WIN-031,powershell.exe -EncodedCommand NORMAL_SAMPLE,Suspicious PowerShell,High
E010292,2026-06-12 15:36:57,n.gupta,WIN-008,powershell.exe -EncodedCommand NORMAL_SAMPLE,Suspicious PowerShell,High
E010316,2026-06-10 11:04:02,svc_backup,WIN-008,powershell.exe -EncodedCommand NORMAL_SAMPLE,Suspicious PowerShell,High
E010325,2026-03-09 21:59:19,a.kumar,WIN-016,powershell.exe -EncodedCommand NORMAL_SAMPLE,Suspicious PowerShell,High
E010348,2026-05-06 05:44:00,m.sharma,WIN-037,powershell.exe -EncodedCommand NORMAL_SAMPLE,Suspicious PowerShell,High
E010410,2026-06-14 15:38:05,svc_app,WIN-030,powershell.exe -EncodedCommand NORMAL_SAMPLE,Suspicious PowerShell,High
E010440,2026-05-10 16:46:20,n.gupta,WIN-033,powershell.exe -EncodedCommand NORMAL_SAMPLE,Suspicious PowerShell,High
E010515,2026-03-08 14:49:50,r.verma,WIN-024,powershell.exe -EncodedCommand NORMAL_SAMPLE,Suspicious PowerShell,High
E010520,2026-06-02 05:12:55,a.kumar,WIN-039,powershell.exe -EncodedCommand NORMAL_SAMPLE,Suspicious PowerShell,High
E010540,2026-06-14 18:45:23,svc_backup,WIN-017,powershell.exe -EncodedCommand NORMAL_SAMPLE,Suspicious PowerShell,High
E010578,2026-06-05 14:52:00,a.kumar,WIN-021,powershell.exe -EncodedCommand NORMAL_SAMPLE,Suspicious PowerShell,High
E010631,2026-02-07 13:30:56,svc_backup,WIN-005,powershell.exe -EncodedCommand NORMAL_SAMPLE,Suspicious PowerShell,High
E010723,2026-04-13 03:37:43,j.smith,WIN-012,powershell.exe -EncodedCommand NORMAL_SAMPLE,Suspicious PowerShell,High
E010735,2026-02-17 02:08:02,admin.ops,WIN-040,powershell.exe -EncodedCommand NORMAL_SAMPLE,Suspicious PowerShell,High
E010739,2026-01-24 11:59:17,s.rao,WIN-008,powershell.exe -EncodedCommand NORMAL_SAMPLE,Suspicious PowerShell,High
E010756,2026-03-09 15:38:07,k.mehta,WIN-016,powershell.exe -EncodedCommand NORMAL_SAMPLE,Suspicious PowerShell,High
E010839,2026-01-06 20:20:07,j.smith,WIN-035,powershell.exe -EncodedCommand NORMAL_SAMPLE,Suspicious PowerShell,High
E010907,2026-03-04 16:01:38,svc_backup,WIN-015,powershell.exe -EncodedCommand NORMAL_SAMPLE,Suspicious PowerShell,High
E010949,2026-03-17 22:09:25,r.verma,WIN-004,powershell.exe -EncodedCommand NORMAL_SAMPLE,Suspicious PowerShell,High
E010961,2026-05-15 23:30:12,p.singh,WIN-032,powershell.exe -EncodedCommand NORMAL_SAMPLE,Suspicious PowerShell,High
E010998,2026-02-17 20:28:37,s.rao,WIN-020,powershell.exe -EncodedCommand NORMAL_SAMPLE,Suspicious PowerShell,High
E011039,2026-05-06 12:21:01,d.patel,WIN-033,powershell.exe -EncodedCommand NORMAL_SAMPLE,Suspicious PowerShell,High
E011075,2026-06-15 01:04:06,r.verma,WIN-038,powershell.exe -EncodedCommand NORMAL_SAMPLE,Suspicious PowerShell,High
E011149,2026-01-12 16:16:51,k.mehta,WIN-026,powershell.exe -EncodedCommand NORMAL_SAMPLE,Suspicious PowerShell,High
E011160,2026-03-22 23:33:36,k.mehta,WIN-005,powershell.exe -EncodedCommand NORMAL_SAMPLE,Suspicious PowerShell,High
E011181,2026-05-14 06:11:42,r.verma,WIN-027,powershell.exe -EncodedCommand NORMAL_SAMPLE,Suspicious PowerShell,High
E011182,2026-02-20 16:14:52,d.patel,WIN-033,powershell.exe -EncodedCommand NORMAL_SAMPLE,Suspicious PowerShell,High
E011213,2026-01-30 08:18:21,m.sharma,WIN-031,powershell.exe -EncodedCommand NORMAL_SAMPLE,Suspicious PowerShell,High
E011247,2026-04-09 07:07:35,s.rao,WIN-004,powershell.exe -EncodedCommand NORMAL_SAMPLE,Suspicious PowerShell,High
E011293,2026-04-23 04:49:26,svc_backup,WIN-031,powershell.exe -EncodedCommand NORMAL_SAMPLE,Suspicious PowerShell,High
E011353,2026-06-12 14:09:14,svc_backup,WIN-040,powershell.exe -EncodedCommand NORMAL_SAMPLE,Suspicious PowerShell,High
E011358,2026-06-30 00:02:51,r.verma,WIN-001,powershell.exe -EncodedCommand NORMAL_SAMPLE,Suspicious PowerShell,High
E011369,2026-03-19 10:21:34,svc_backup,WIN-025,powershell.exe -EncodedCommand NORMAL_SAMPLE,Suspicious PowerShell,High
E011377,2026-04-08 06:01:45,j.smith,WIN-018,powershell.exe -EncodedCommand NORMAL_SAMPLE,Suspicious PowerShell,High
E011420,2026-06-06 11:36:57,m.sharma,WIN-039,powershell.exe -EncodedCommand NORMAL_SAMPLE,Suspicious PowerShell,High
E011444,2026-06-24 16:55:27,svc_app,WIN-006,powershell.exe -EncodedCommand NORMAL_SAMPLE,Suspicious PowerShell,High
E011454,2026-04-09 07:59:42,admin.ops,WIN-037,powershell.exe -EncodedCommand NORMAL_SAMPLE,Suspicious PowerShell,High
E011507,2026-02-05 05:10:26,r.verma,WIN-007,powershell.exe -EncodedCommand NORMAL_SAMPLE,Suspicious PowerShell,High
E011520,2026-05-11 01:26:03,k.mehta,WIN-010,powershell.exe -EncodedCommand NORMAL_SAMPLE,Suspicious PowerShell,High
E011529,2026-02-13 00:10:30,admin.ops,WIN-032,powershell.exe -EncodedCommand NORMAL_SAMPLE,Suspicious PowerShell,High
E011593,2026-02-03 15:53:08,k.mehta,WIN-024,powershell.exe -EncodedCommand NORMAL_SAMPLE,Suspicious PowerShell,High
E011617,2026-04-18 18:04:08,p.singh,WIN-021,powershell.exe -EncodedCommand NORMAL_SAMPLE,Suspicious PowerShell,High
E011626,2026-02-27 20:07:34,r.verma,WIN-030,powershell.exe -EncodedCommand NORMAL_SAMPLE,Suspicious PowerShell,High
E011642,2026-05-31 03:15:32,svc_backup,WIN-031,powershell.exe -EncodedCommand NORMAL_SAMPLE,Suspicious PowerShell,High
E011654,2026-06-28 18:23:01,a.kumar,WIN-006,powershell.exe -EncodedCommand NORMAL_SAMPLE,Suspicious PowerShell,High
E011673,2026-04-15 15:47:34,svc_app,WIN-001,powershell.exe -EncodedCommand NORMAL_SAMPLE,Suspicious PowerShell,High
E011675,2026-05-27 16:35:22,r.verma,WIN-015,powershell.exe -EncodedCommand NORMAL_SAMPLE,Suspicious PowerShell,High
E011747,2026-05-13 17:56:47,svc_app,WIN-003,powershell.exe -EncodedCommand NORMAL_SAMPLE,Suspicious PowerShell,High
E011880,2026-02-10 02:36:04,n.gupta,WIN-026,powershell.exe -EncodedCommand NORMAL_SAMPLE,Suspicious PowerShell,High
E011899,2026-04-18 14:50:04,m.sharma,WIN-039,powershell.exe -EncodedCommand NORMAL_SAMPLE,Suspicious PowerShell,High
E011905,2026-04-27 07:48:59,svc_app,WIN-036,powershell.exe -EncodedCommand NORMAL_SAMPLE,Suspicious PowerShell,High
E011931,2026-03-17 21:57:57,svc_app,WIN-014,powershell.exe -EncodedCommand NORMAL_SAMPLE,Suspicious PowerShell,High
E011936,2026-01-14 17:42:46,r.verma,WIN-021,powershell.exe -EncodedCommand NORMAL_SAMPLE,Suspicious PowerShell,High
E012095,2026-06-04 01:47:30,s.rao,WIN-024,powershell.exe -EncodedCommand NORMAL_SAMPLE,Suspicious PowerShell,High
E012107,2026-03-12 13:16:39,j.smith,WIN-033,powershell.exe -EncodedCommand NORMAL_SAMPLE,Suspicious PowerShell,High
E012134,2026-04-26 22:08:28,n.gupta,WIN-027,powershell.exe -EncodedCommand NORMAL_SAMPLE,Suspicious PowerShell,High
E012138,2026-05-31 18:21:56,n.gupta,WIN-024,powershell.exe -EncodedCommand NORMAL_SAMPLE,Suspicious PowerShell,High
E012142,2026-04-12 16:10:12,p.singh,WIN-010,powershell.exe -EncodedCommand NORMAL_SAMPLE,Suspicious PowerShell,High
E012187,2026-03-27 08:12:43,svc_app,WIN-023,powershell.exe -EncodedCommand NORMAL_SAMPLE,Suspicious PowerShell,High
E012198,2026-05-26 22:53:28,m.sharma,WIN-001,powershell.exe -EncodedCommand NORMAL_SAMPLE,Suspicious PowerShell,High
E012221,2026-04-19 05:16:01,admin.ops,WIN-021,powershell.exe -EncodedCommand NORMAL_SAMPLE,Suspicious PowerShell,High
E012234,2026-02-13 15:47:21,n.gupta,WIN-014,powershell.exe -EncodedCommand NORMAL_SAMPLE,Suspicious PowerShell,High
E012264,2026-05-08 04:45:53,a.kumar,WIN-015,powershell.exe -EncodedCommand NORMAL_SAMPLE,Suspicious PowerShell,High
E012322,2026-05-24 19:39:15,s.rao,WIN-002,powershell.exe -EncodedCommand NORMAL_SAMPLE,Suspicious PowerShell,High
E012339,2026-06-04 15:57:32,p.singh,WIN-019,powershell.exe -EncodedCommand NORMAL_SAMPLE,Suspicious PowerShell,High
E012347,2026-03-16 05:01:03,d.patel,WIN-024,powershell.exe -EncodedCommand NORMAL_SAMPLE,Suspicious PowerShell,High
E012365,2026-06-09 06:28:42,n.gupta,WIN-019,powershell.exe -EncodedCommand NORMAL_SAMPLE,Suspicious PowerShell,High
E012385,2026-06-22 20:05:49,d.patel,WIN-013,powershell.exe -EncodedCommand NORMAL_SAMPLE,Suspicious PowerShell,High
E012417,2026-04-20 06:20:46,svc_app,WIN-009,powershell.exe -EncodedCommand NORMAL_SAMPLE,Suspicious PowerShell,High
ES00020,2026-03-14 10:04:00,j.smith,WIN-024,powershell.exe -EncodedCommand SQBFAFgA...,Suspicious PowerShell,High
PC00003,2026-02-21 11:45:07,m.sharma,WIN-008,powershell.exe -EncodedCommand UABhAHkAbABvAGEAZAA=,Suspicious PowerShell,High
